{"cameraMode":{"drawMode":0,"name":"Shaded","section":"Shading Mode"},"sceneLighting":false,"audioPlay":false,"sceneViewState":{"m_AlwaysRefresh":false,"showFog":true,"showSkybox":false,"showFlares":true,"showImageEffects":true,"showParticleSystems":true,"showVisualEffectGraphs":true,"m_FxEnabled":true},"in2DMode":false,"pivot":{"x":0.24555587768554688,"y":17.547405242919923,"z":0.36412811279296877},"rotation":{"x":0.13896284997463227,"y":0.8578641414642334,"z":-0.3066306412220001,"w":0.3885895311832428},"size":71.48306274414063,"orthographic":false}